year,class,total_area_m2
1800,bosquet,58160.307797483765
1800,champ,2469105.0297332285
1800,foret,375599.7681377862
1800,jardin,479224.51431752933
1800,pre,4016861.91537962
1800,vigne,2052771.6831927958
1830,bosquet,4488.835962014241
1830,champ,1380955.974013836
1830,foret,555212.9713601727
1830,jardin,675700.8423114982
1830,pre,4122339.7980536777
1830,vigne,1533033.0384950945
2024,foret,476654.2435590087
2024,jardin,4240887.377227397
2024,pre,96200.33831764334
2024,vigne,1644.423232589514
